{"stat.chestOpened":19,"stat.leaveGame":2,"stat.useItem.minecraft.skull":1,"stat.useItem.minecraft.diamond_sword":4,"stat.killEntity.PigZombie":1,"stat.useItem.minecraft.flower_pot":1,"stat.jump":79,"stat.swimOneCm":1756,"stat.fallOneCm":858,"stat.useItem.minecraft.planks":10,"stat.pickup.minecraft.porkchop":1,"stat.crouchOneCm":130,"stat.enderchestOpened":1,"stat.useItem.minecraft.mycelium":10,"stat.useItem.minecraft.obsidian":21,"stat.useItem.minecraft.stone_slab2":32,"stat.useItem.minecraft.water_bucket":5,"stat.useItem.minecraft.glass":22,"stat.useItem.minecraft.sapling":2,"stat.damageTaken":60,"stat.dispenserInspected":10,"stat.useItem.minecraft.anvil":2,"stat.flyOneCm":163793,"stat.damageDealt":428,"stat.sleepInBed":1,"stat.timeSinceDeath":57377,"stat.killEntity.Cow":1,"stat.useItem.minecraft.crafting_table":1,"stat.useItem.minecraft.spawn_egg":18,"stat.useItem.minecraft.melon_block":4,"stat.killEntity.Pig":1,"stat.flowerPotted":1,"stat.walkOneCm":64398,"stat.useItem.minecraft.torch":1,"stat.useItem.minecraft.chest":2,"stat.useItem.minecraft.pumpkin":3,"stat.useItem.minecraft.lava_bucket":35,"stat.useItem.minecraft.armor_stand":1,"stat.talkedToVillager":1,"stat.pickup.minecraft.beef":1,"stat.useItem.minecraft.stained_glass":38,"stat.sprintOneCm":9337,"stat.useItem.minecraft.netherrack":16,"stat.pickup.minecraft.gold_ingot":1,"stat.useItem.minecraft.flint_and_steel":1,"stat.useItem.minecraft.iron_block":13,"stat.mobKills":3,"stat.useItem.minecraft.dye":8,"stat.pickup.minecraft.spawn_egg":64,"stat.playOneMinute":57377,"stat.sneakTime":848,"stat.pickup.minecraft.cooked_fish":52,"stat.diveOneCm":6214}