{"stat.useItem.minecraft.bow":18,"stat.pickup.minecraft.bone":8,"stat.pickup.minecraft.redstone_torch":3,"stat.pigOneCm":234496,"stat.leaveGame":4,"stat.pickup.minecraft.record_stal":1,"stat.useItem.minecraft.skull":1,"stat.useItem.minecraft.diamond_sword":73,"stat.mineBlock.minecraft.stained_glass":1,"stat.pickup.minecraft.fishing_rod":2,"stat.swimOneCm":30614,"stat.climbOneCm":3204,"stat.useItem.minecraft.planks":91,"stat.pickup.minecraft.golden_boots":1,"stat.pickup.minecraft.porkchop":6,"stat.useItem.minecraft.dirt":389,"stat.pickup.minecraft.golden_helmet":2,"stat.useItem.minecraft.stone_slab2":479,"stat.pickup.minecraft.bow":1,"stat.useItem.minecraft.water_bucket":3,"stat.pickup.minecraft.rotten_flesh":158,"stat.useItem.minecraft.jungle_boat":1,"stat.pickup.minecraft.sand":79,"stat.pickup.minecraft.golden_axe":1,"stat.useItem.minecraft.egg":11,"stat.pickup.minecraft.anvil":1,"stat.useItem.minecraft.detector_rail":4,"stat.useItem.minecraft.birch_boat":1,"stat.useItem.minecraft.rail":67,"stat.pickup.minecraft.diamond_leggings":4,"stat.flyOneCm":860002,"stat.pickup.minecraft.sandstone":13,"stat.pickup.minecraft.chainmail_chestplate":6,"stat.mineBlock.minecraft.sand":1,"stat.drop.minecraft.wheat_seeds":6,"stat.pickup.minecraft.cactus":16,"stat.killEntity.Villager":44,"stat.pickup.minecraft.redstone":1,"stat.timeSinceDeath":101734,"stat.drop.minecraft.diamond":1,"stat.useItem.minecraft.spawn_egg":368,"stat.pickup.minecraft.mutton":7,"stat.useItem.minecraft.totem_of_undying":1,"stat.useItem.minecraft.lever":7,"stat.drop.minecraft.diamond_chestplate":1,"stat.pickup.minecraft.chainmail_helmet":5,"stat.pickup.minecraft.record_far":1,"stat.drop.minecraft.dirt":3,"stat.killEntity.ZombieVillager":1,"stat.killEntity.Creeper":2,"stat.pickup.minecraft.shield":2,"stat.talkedToVillager":28,"stat.drop.minecraft.spawn_egg":1,"stat.drop.minecraft.red_flower":2,"stat.pickup.minecraft.string":10,"stat.useItem.minecraft.redstone":17,"stat.pickup.minecraft.totem_of_undying":2,"stat.drop.minecraft.diamond_helmet":1,"stat.entityKilledBy.Skeleton":3,"stat.useItem.minecraft.golden_axe":3,"stat.pickup.minecraft.sandstone_stairs":2,"stat.useItem.minecraft.trapdoor":2,"stat.sprintOneCm":164047,"stat.useItem.minecraft.stained_glass":3,"stat.useItem.minecraft.dark_oak_door":2,"stat.drop.minecraft.carrot_on_a_stick":1,"stat.useItem.minecraft.flint_and_steel":78,"stat.pickup.minecraft.grass":1,"stat.useItem.minecraft.wooden_button":1,"stat.useItem.minecraft.stone_pressure_plate":1,"stat.killEntity.Husk":1,"stat.pickup.minecraft.diamond_chestplate":3,"stat.pickup.minecraft.emerald":4,"stat.useItem.minecraft.dye":1,"stat.pickup.minecraft.spawn_egg":125,"stat.pickup.minecraft.lever":1,"stat.deaths":9,"stat.drop":32,"stat.pickup.minecraft.egg":3,"stat.playOneMinute":367386,"stat.pickup.minecraft.golden_chestplate":1,"stat.pickup.minecraft.iron_block":58,"stat.killEntity.Zombie":9,"stat.useItem.minecraft.jukebox":1,"stat.mineBlock.minecraft.tallgrass":76,"stat.diveOneCm":22719,"stat.chestOpened":3,"stat.useItem.minecraft.splash_potion":63,"stat.pickup.minecraft.pumpkin":60,"stat.useItem.minecraft.sticky_piston":3,"stat.recordPlayed":4,"stat.pickup.minecraft.sign":1,"stat.useItem.minecraft.stone":144,"stat.pickup.minecraft.arrow":7,"stat.useItem.minecraft.sponge":2,"stat.killEntity.EvocationIllager":1,"stat.useItem.minecraft.chicken":2,"stat.killEntity.Vex":3,"stat.pickup.minecraft.gold_nugget":65,"stat.entityKilledBy.Vex":1,"stat.useItem.minecraft.rotten_flesh":2,"stat.pickup.minecraft.diamond_sword":6,"stat.useItem.minecraft.bedrock":10,"stat.jump":1789,"stat.useItem.minecraft.sand":179,"stat.fallOneCm":29579,"stat.pickup.minecraft.iron_ingot":6,"stat.drop.minecraft.stone":1,"stat.useItem.minecraft.dark_oak_boat":1,"stat.useItem.minecraft.piston":1,"stat.drop.minecraft.diamond_sword":1,"stat.pickup.minecraft.gunpowder":2,"stat.crouchOneCm":3815,"stat.pickup.minecraft.rail":7,"stat.craftItem.minecraft.chest":1,"stat.pickup.minecraft.dirt":238,"stat.useItem.minecraft.stone_button":4,"stat.pickup.minecraft.golden_leggings":1,"stat.craftingTableInteraction":2,"stat.drop.minecraft.milk_bucket":1,"stat.useItem.minecraft.glass":23,"stat.useItem.minecraft.dispenser":2,"stat.pickup.minecraft.milk_bucket":1,"stat.boatOneCm":29340,"stat.useItem.minecraft.sapling":3,"stat.useItem.minecraft.golden_rail":2,"stat.damageTaken":2277,"stat.pickup.minecraft.feather":3,"stat.mineBlock.minecraft.red_flower":3,"stat.dispenserInspected":28,"stat.useItem.minecraft.carrot_on_a_stick":206,"stat.pickup.minecraft.dye":64,"stat.pickup.minecraft.planks":1,"stat.useItem.minecraft.slime":19,"stat.pickup.minecraft.wheat_seeds":25,"stat.killEntity.Shulker":1,"stat.damageDealt":5981,"stat.mineBlock.minecraft.dirt":50,"stat.pickup.minecraft.chainmail_boots":6,"stat.pickup.minecraft.poisonous_potato":1,"stat.pickup.minecraft.flint_and_steel":1,"stat.pickup.minecraft.boat":1,"stat.walkOneCm":625549,"stat.useItem.minecraft.torch":73,"stat.playerKills":1,"stat.useItem.minecraft.chest":1,"stat.pickup.minecraft.stick":1,"stat.useItem.minecraft.pumpkin":43,"stat.drop.minecraft.rotten_flesh":6,"stat.craftItem.minecraft.crafting_table":1,"stat.mineBlock.minecraft.double_plant":7,"stat.useItem.minecraft.record_far":1,"stat.useItem.minecraft.spruce_boat":1,"stat.craftItem.minecraft.boat":1,"stat.minecartOneCm":23693,"stat.pickup.minecraft.redstone_block":1,"stat.pickup.minecraft.log":5,"stat.drop.minecraft.chicken":1,"stat.useItem.minecraft.redstone_block":2,"stat.useItem.minecraft.spruce_stairs":49,"stat.pickup.minecraft.stone":1,"stat.pickup.minecraft.chicken":5,"stat.pickup.minecraft.chainmail_leggings":6,"stat.drop.minecraft.emerald":1,"stat.useItem.minecraft.redstone_ore":2,"stat.useItem.minecraft.record_mall":1,"stat.killEntity.Skeleton":1,"stat.pickup.minecraft.record_mall":1,"stat.drop.minecraft.lever":1,"stat.craftItem.minecraft.planks":20,"stat.killEntity.Chicken":3,"stat.useItem.minecraft.acacia_boat":1,"stat.pickup.minecraft.diamond_helmet":5,"stat.useItem.minecraft.iron_block":53,"stat.mobKills":68,"stat.drop.minecraft.diamond_boots":1,"stat.pickup.minecraft.diamond_boots":3,"stat.mineBlock.minecraft.log":5,"stat.entityKilledBy.Husk":1,"stat.useItem.minecraft.boat":3,"stat.pickup.minecraft.diamond":1,"stat.pickup.minecraft.beetroot_seeds":6,"stat.pickup.minecraft.torch":7,"stat.pickup.minecraft.spruce_stairs":9,"stat.pickup.minecraft.red_flower":8,"stat.sneakTime":6521,"stat.pickup.minecraft.wool":6,"stat.useItem.minecraft.record_stal":1,"stat.drop.minecraft.grass":2,"stat.pickup.minecraft.golden_rail":1,"stat.useItem.minecraft.record_blocks":1,"stat.useItem.minecraft.fishing_rod":589,"stat.drop.minecraft.totem_of_undying":1}