{"stat.chestOpened":8,"stat.walkOneCm":88271,"stat.pickup.minecraft.potion":1,"stat.pigOneCm":2365,"stat.leaveGame":6,"stat.dispenserInspected":4,"stat.talkedToVillager":1,"stat.useItem.minecraft.potion":1,"stat.flyOneCm":220,"stat.pickup.minecraft.glass_bottle":1,"stat.drop":1,"stat.jump":124,"stat.swimOneCm":1484,"stat.playOneMinute":123432,"stat.fallOneCm":954,"stat.sleepInBed":1,"stat.timeSinceDeath":123432,"stat.drop.minecraft.glass_bottle":1,"stat.sprintOneCm":604,"stat.craftingTableInteraction":5}